first_name,last_name,age,email,gender,salary
Roderick,Bilbery,49,rbilberynz@ezinearticles.com,Male,149966
Neall,Bernard,77,nbernardh2@reddit.com,Genderfluid,149921
Pedro,Greated,84,pgreated6u@marriott.com,Male,149903
Miguel,Tapper,26,mtappergn@unblog.fr,Male,149901
Cathi,Sunners,38,csunners7q@privacy.gov.au,Female,149890
Cicily,Barlow,33,cbarlowhl@arizona.edu,Non-binary,149873
Willy,Sute,77,wsutef@java.com,Female,149873
Irving,Fotherby,50,ifotherbylo@bbb.org,Male,149856
Harlan,Meynell,56,hmeynell7u@reuters.com,Male,149839
Zandra,Pennazzi,24,zpennazzife@feedburner.com,Female,149821
Dix,Stokey,46,dstokeys@bbc.co.uk,Female,149763
Cissiee,Diperaus,68,cdiperausb@stanford.edu,Female,149751
Nixie,Saggs,50,nsaggshx@pinterest.com,Female,149748
Akim,Haighton,79,ahaightona4@un.org,Male,149706
Marya,Frugier,29,mfrugierie@google.com,Female,149678
Lalo,Renfree,84,lrenfreeml@washington.edu,Male,149670
Maryellen,Gilmore,47,mgilmoreaq@infoseek.co.jp,Female,149622
Olimpia,Tidbald,45,otidbald9r@craigslist.org,Female,149498
Tedi,Marikhin,18,tmarikhin3z@goodreads.com,Female,149474
Alphard,Coultas,69,acoultaspx@techcrunch.com,Male,149437
Valle,Durbin,80,vdurbinic@over-blog.com,Male,149431
Tarrance,Richly,41,trichly81@slideshare.net,Male,149422
Jacquelyn,Prichard,65,jprichardqt@ebay.com,Female,149391
Caddric,Zanetti,26,czanetti9h@ameblo.jp,Male,149352
Thorn,Coggins,64,tcoggins12@nyu.edu,Male,149332
Cory,Duguid,21,cduguidn9@si.edu,Male,149311
Callie,Coleiro,19,ccoleirogi@fotki.com,Female,149296
Ealasaid,Johnsey,56,ejohnseyef@weibo.com,Female,149264
Gilligan,Solleme,79,gsollemedl@oakley.com,Female,149263
Babara,Norwood,57,bnorwood53@youku.com,Agender,149242
Stern,Braizier,26,sbraizierlb@bigcartel.com,Male,149086
Molly,Ghiotto,64,mghiottooj@fda.gov,Female,149066
Allister,Nettles,63,anettlesm@elpais.com,Non-binary,148995
Adriena,Garwood,70,agarwoodnp@cargocollective.com,Female,148963
Mehetabel,Ramble,61,mramble2x@patch.com,Female,148942
Charleen,Cristol,45,ccristolq7@clickbank.net,Female,148888
Nadia,MacPaden,76,nmacpadenrp@craigslist.org,Female,148818
Yuma,Piatkow,74,ypiatkow7x@networkadvertising.org,Male,148767
Martainn,Grangier,39,mgrangier9f@nationalgeographic.com,Agender,148731
Bert,Farryan,41,bfarryanbq@archive.org,Male,148671
Raeann,McCaskill,77,rmccaskillk5@msu.edu,Female,148652
Frederich,Nesbitt,23,fnesbittbr@harvard.edu,Male,148571
Kirbie,Suche,42,ksuchegt@joomla.org,Female,148550
Gabrielle,Sprules,42,gsprules7v@buzzfeed.com,Genderqueer,148520
Fenelia,Francescotti,25,ffrancescotti2h@ucla.edu,Agender,148508
Alexandra,Preskett,23,apreskett8x@dion.ne.jp,Female,148498
Betta,Lockett,79,blockett4x@answers.com,Female,148493
Regan,Schonfeld,46,rschonfeld3@salon.com,Male,148446
Nathalia,Fould,27,nfould1j@shutterfly.com,Female,148444
Ali,Beeken,69,abeeken80@va.gov,Female,148438
Whittaker,Destouche,34,wdestouche35@statcounter.com,Male,148434
Emanuele,Snalom,43,esnalomqo@google.cn,Male,148427
Mitchell,Costelow,23,mcostelow81@clickbank.net,Male,148394
Ira,Wheelhouse,57,iwheelhouseef@imgur.com,Male,148363
Mignon,Cockrem,38,mcockremlp@google.co.uk,Female,148338
Ramona,Sciusscietto,35,rsciussciettof1@usnews.com,Female,148314
Karna,Halahan,31,khalahancc@vistaprint.com,Female,148291
Denni,Coysh,77,dcoyshq6@digg.com,Bigender,148289
Calley,Tuffey,19,ctuffeygr@photobucket.com,Female,148244
Tasia,Meriel,46,tmeriel7@marriott.com,Female,148230
Gerrie,Gerasch,50,ggeraschmj@altervista.org,Male,148223
Shanan,Beynkn,69,sbeynknb1@senate.gov,Male,148222
Edi,Bolingbroke,39,ebolingbrokei1@4shared.com,Female,148197
Jakie,Thandi,74,jthandi1m@go.com,Male,148170
Annice,Feechan,74,afeechank7@nbcnews.com,Female,148145
Christan,Frosdick,25,cfrosdick7c@bing.com,Bigender,148084
Eduardo,Congdon,68,econgdonom@hatena.ne.jp,Male,148021
Jennilee,Van der Spohr,80,jvanderspohrdr@slashdot.org,Female,148011
Korney,Heinsen,55,kheinsenft@independent.co.uk,Female,147976
Leontine,Linke,72,llinkel3@blog.com,Female,147933
Jessee,Jeyes,18,jjeyesgl@washington.edu,Male,147886
Gustave,Welling,48,gwellingkg@vimeo.com,Male,147840
Martica,Ferriere,54,mferrierehj@g.co,Female,147827
Fionnula,Breissan,55,fbreissanm8@liveinternet.ru,Female,147819
Clarine,Fortye,33,cfortye6n@irs.gov,Female,147801
Dante,Isabell,81,disabell1x@youtu.be,Male,147731
Sanford,Arkcoll,63,sarkcoll7g@scientificamerican.com,Male,147727
Felicdad,Iacovo,20,fiacovojl@blinklist.com,Female,147639
Svend,Jelfs,57,sjelfs42@technorati.com,Male,147592
Nehemiah,Rutty,85,nruttyri@deliciousdays.com,Male,147505
Goran,Fardy,59,gfardy6y@homestead.com,Male,147474
Odell,Courcey,46,ocourcey1e@cafepress.com,Male,147468
Graig,Plumm,69,gplumm78@seesaa.net,Male,147450
Gillan,Dellar,82,gdellarl@alibaba.com,Genderqueer,147331
Antonetta,Bachanski,73,abachanskiic@nifty.com,Female,147268
Georgianne,Jopp,79,gjoppkw@mac.com,Female,147205
Frederich,Hars,40,fharsn4@purevolume.com,Male,147181
Chaunce,Boddington,31,cboddingtonix@mail.ru,Male,147167
Purcell,Absolem,58,pabsolemjo@google.nl,Male,147133
Verge,Thomas,69,vthomas2k@multiply.com,Male,147121
Julieta,Castletine,43,jcastletine2v@webmd.com,Female,147106
Andeee,Le Surf,34,alesurf4e@adobe.com,Female,147096
Leigh,Lovekin,49,llovekinng@craigslist.org,Female,147015
Israel,Brownrigg,72,ibrownrigg1a@google.co.uk,Male,146992
Mickie,Wyness,20,mwyness8c@ed.gov,Agender,146921
Kellen,Sturgess,53,ksturgessiv@slashdot.org,Male,146910
Jase,Hoofe,29,jhoofeai@ted.com,Male,146908
Huberto,Livett,34,hlivettpd@smugmug.com,Male,146895
Richy,Annand,25,rannandi9@networkadvertising.org,Male,146881
Lawrence,Bark,41,lbarkms@constantcontact.com,Male,146874
Monah,Schrir,74,mschrirob@who.int,Female,146831
Dinnie,Devas,70,ddevasow@github.com,Female,146787
Ignaz,Aleixo,70,ialeixo16@about.me,Male,146755
Nehemiah,Bisson,63,nbissonj7@goo.ne.jp,Agender,146716
Corey,Asman,25,casmanms@sfgate.com,Female,146710
Corrie,Knell,23,cknellp5@rambler.ru,Male,146710
Boy,Sisey,43,bsisey4m@amazon.com,Male,146706
Margalit,Zanettini,60,mzanettinies@phpbb.com,Female,146639
Shaylynn,Carbett,63,scarbettf5@sphinn.com,Female,146584
Xerxes,Caillou,65,xcailloujo@about.com,Male,146569
Mallory,Roughan,75,mroughangh@phoca.cz,Polygender,146546
Emmery,McNally,55,emcnally37@slashdot.org,Male,146538
Clovis,Maevela,47,cmaevelae5@pen.io,Female,146518
Kincaid,Cannell,79,kcannellit@army.mil,Male,146506
Padgett,Zamora,72,pzamoraor@ustream.tv,Male,146484
Papagena,Janssens,67,pjanssens2a@bbb.org,Bigender,146456
Mace,Trundle,31,mtrundleef@apache.org,Male,146430
Philip,Shipston,83,pshipstonlz@vk.com,Male,146362
Sutherland,Eckels,24,seckels4o@wufoo.com,Male,146317
Leroi,Trimby,38,ltrimbyht@usa.gov,Male,146295
Lonnie,Lissandre,68,llissandrejr@csmonitor.com,Male,146282
Frans,Kienl,74,fkienl9u@exblog.jp,Male,146259
Haslett,Dupree,75,hdupreegl@virginia.edu,Male,146222
Matias,Alkin,33,malkina1@cloudflare.com,Male,146221
Eba,Ugolini,63,eugolini2u@photobucket.com,Female,146209
Noami,Blandford,67,nblandford1c@jiathis.com,Female,146185
Ewen,Filov,29,efiloven@ocn.ne.jp,Male,146174
Vania,Bursnoll,77,vbursnolljh@instagram.com,Female,146078
Gaylor,Hugk,38,ghugknf@ebay.co.uk,Male,146065
Valentin,Drohane,82,vdrohaneb2@gravatar.com,Male,146046
Skipper,Ales0,75,salespr@free.fr,Male,146032
Amble,Hilliam,71,ahilliam2e@washington.edu,Agender,146008
Darius,Lamkin,31,dlamkin75@tamu.edu,Male,145965
Kain,Gussin,79,kgussine1@gizmodo.com,Male,145933
Shawna,Lepper,82,slepper7p@cnbc.com,Female,145846
Bertrand,Girardey,19,bgirardeyot@abc.net.au,Male,145838
Micah,Elington,53,melingtona0@ebay.com,Male,145825
Agustin,Merryman,73,amerryman3h@soup.io,Male,145758
Gregorius,Pilbury,54,gpilbury5k@lulu.com,Male,145751
Brockie,Dubble,62,bdubblemx@plala.or.jp,Male,145718
Nata,Wybron,82,nwybronau@si.edu,Female,145696
Alameda,Loveredge,85,aloveredgel3@creativecommons.org,Genderfluid,145667
Daryle,McCurley,54,dmccurleybb@booking.com,Male,145664
Levey,Quinnet,82,lquinnet22@bloomberg.com,Male,145650
Orly,Duns,56,odunse9@uol.com.br,Female,145570
Shamus,Stivey,62,sstiveych@cpanel.net,Male,145525
Viola,New,43,vnew1u@pinterest.com,Female,145492
Rozalin,Vreede,77,rvreedem0@boston.com,Female,145441
Robinet,Solano,32,rsolanoej@lycos.com,Female,145403
Milli,Potteril,37,mpotteril8t@shareasale.com,Female,145383
Robin,Sarfati,60,rsarfati6p@cdc.gov,Male,145380
Chariot,Marjanski,76,cmarjanskirh@studiopress.com,Polygender,145353
Artie,Kaming,18,akamingpq@umn.edu,Male,145350
Luella,Glazebrook,34,lglazebrooka4@wp.com,Female,145326
Tedda,Jain,45,tjain9e@apache.org,Female,145289
Dudley,Paty,48,dpatyh4@yellowbook.com,Male,145204
Flor,Gerardet,83,fgerardet3b@behance.net,Female,145203
Carmelina,Kilmister,43,ckilmisterir@skype.com,Female,145156
Donny,Vickery,82,dvickerym5@wufoo.com,Female,145117
Dav,Flahive,42,dflahived9@pbs.org,Male,145093
Ivor,Yuille,77,iyuille7o@cdbaby.com,Male,145065
Alice,Clayill,47,aclayillji@examiner.com,Female,145055
Whittaker,de la Tremoille,49,wdelatremoilleo9@google.pl,Male,145014
Maurizio,Czaple,56,mczaplecb@nifty.com,Male,144963
Jewelle,Gruby,54,jgrubyg6@sogou.com,Female,144859
Maurise,Westcarr,74,mwestcarrbj@barnesandnoble.com,Male,144773
Mord,Gwyneth,25,mgwynethpo@constantcontact.com,Male,144762
Prinz,Heap,69,pheapkd@foxnews.com,Agender,144746
Idaline,Assiter,37,iassiterfi@archive.org,Female,144735
Keene,Tindley,67,ktindleyhq@dagondesign.com,Male,144722
Stacy,Hatchard,66,shatchard22@elegantthemes.com,Female,144675
Ketti,Yong,27,kyongnn@barnesandnoble.com,Female,144643
Thane,Lucio,60,tlucior1@ovh.net,Male,144635
Rena,Booeln,44,rbooeln5k@is.gd,Female,144630
Carla,Goodison,68,cgoodison1c@springer.com,Female,144629
Linette,Brasted,71,lbrastedes@printfriendly.com,Female,144599
Tobiah,Lehr,44,tlehrl5@examiner.com,Male,144585
Leilah,Johansson,75,ljohanssonjv@ihg.com,Female,144579
Evelyn,Gebhardt,28,egebhardt3u@europa.eu,Female,144471
Sean,Brinklow,28,sbrinklowgk@cbc.ca,Male,144466
Scot,Bransom,73,sbransomjl@reddit.com,Male,144461
Jaye,Fernely,35,jfernely6c@altervista.org,Male,144460
Maybelle,Foulks,77,mfoulksqr@goo.ne.jp,Female,144424
Donelle,Hendriks,35,dhendriksj3@netlog.com,Female,144388
Chickie,Manville,71,cmanville4h@sciencedirect.com,Male,144337
Shantee,Garmans,62,sgarmans2w@51.la,Female,144277
Leonardo,Mewhirter,78,lmewhirterc5@about.me,Male,144266
Giuseppe,Vollam,22,gvollamf4@foxnews.com,Male,144215
Chrisy,Hurll,77,churllr1@pen.io,Male,144199
Daffie,Petrushkevich,32,dpetrushkevichj9@mozilla.com,Female,144176
Nikos,Baglow,50,nbaglow28@vinaora.com,Male,144174
Gasparo,Orrick,44,gorricko9@mac.com,Male,144163
Carmine,Awdry,78,cawdry8p@themeforest.net,Female,144146
Kippie,Caraher,27,kcaraherjd@noaa.gov,Male,144097
Raleigh,Swanton,72,rswantonlh@bluehost.com,Genderqueer,144085
Delmer,Phoebe,56,dphoeber2@1688.com,Male,144011
Kingston,Eidelman,26,keidelmaneq@odnoklassniki.ru,Male,144006
Alley,Colomb,40,acolombfm@craigslist.org,Male,143989
Tabbi,Redshaw,62,tredshawkb@google.de,Female,143981
Carlen,Prentice,45,cprenticepw@blogspot.com,Female,143936
Etheline,Walklett,84,ewalklettlv@a8.net,Female,143904
Shandee,Liddell,29,sliddellrl@marriott.com,Female,143828
Marco,Rubi,43,mrubiob@livejournal.com,Male,143802
Wilmette,Jupe,63,wjupefs@goo.gl,Female,143797
Eimile,Catterell,46,ecatterell65@dion.ne.jp,Female,143791
Aubrey,Tubbles,20,atubblesqf@businessinsider.com,Male,143774
Vinni,Nowakowska,45,vnowakowska6h@elegantthemes.com,Genderqueer,143765
Bailie,Steffan,55,bsteffan24@java.com,Male,143745
Leanna,Laxe,81,llaxea0@altervista.org,Female,143738
Binny,Helliker,53,bhellikerb5@weather.com,Female,143738
Carlotta,Doorly,39,cdoorlyq0@elegantthemes.com,Female,143706
Davina,Presdie,56,dpresdiei1@webmd.com,Female,143698
Elsworth,Trice,48,etricepp@devhub.com,Male,143680
Gage,Esh,58,gesh3t@army.mil,Male,143662
Bellanca,Christene,62,bchristener3@altervista.org,Female,143653
Matthew,Drowsfield,83,mdrowsfieldok@hc360.com,Male,143620
Sherilyn,Kiddye,20,skiddyer@issuu.com,Female,143617
Cleve,Pethick,20,cpethick9x@nymag.com,Male,143611
Darice,Balderstone,18,dbalderstonecx@hatena.ne.jp,Female,143607
Kain,Paulisch,72,kpaulischk1@networksolutions.com,Male,143569
Cirilo,Spritt,49,csprittng@freewebs.com,Male,143509
Earlie,Lemery,44,elemery6v@google.ca,Male,143501
Yasmin,Enderwick,60,yenderwick7n@deliciousdays.com,Female,143499
Angus,Mandrey,68,amandreyd2@weather.com,Male,143459
Gwenore,Arnefield,46,garnefieldd1@ifeng.com,Female,143434
Piper,Craisford,37,pcraisfordd1@yahoo.com,Female,143434
Baryram,Bartlomiejczyk,45,bbartlomiejczykp4@addtoany.com,Agender,143407
Sabine,Zavittieri,65,szavittieri3d@auda.org.au,Female,143403
Sherill,Finicj,27,sfinicjn5@dell.com,Female,143398
Vernen,Barkly,52,vbarklyp4@issuu.com,Male,143330
Chickie,Matton,30,cmattonr4@qq.com,Female,143323
Mayor,Giacobelli,55,mgiacobellihp@mysql.com,Male,143271
Adamo,Anyon,26,aanyonag@wordpress.com,Male,143254
Meta,Crippin,60,mcrippin40@businessinsider.com,Female,143247
Ravi,Hixley,56,rhixley84@histats.com,Polygender,143228
Kalil,Lovelady,80,klovelady6j@stanford.edu,Male,143161
Leonie,D'Alesco,77,ldalesco8o@slate.com,Agender,143155
Bail,Faley,45,bfaley19@sbwire.com,Male,143087
Matty,Sloat,21,msloatpq@instagram.com,Male,143083
Domingo,Hawkings,70,dhawkings93@pagesperso-orange.fr,Male,143034
Dora,Tolhurst,41,dtolhurstp4@youtube.com,Female,143009
Roley,Ceci,37,rceciqj@ed.gov,Male,142999
Lorene,Costall,69,lcostall8p@weather.com,Female,142975
Marthe,Tolley,31,mtolleyks@bizjournals.com,Female,142944
Ingamar,Osman,31,iosmanpn@google.nl,Male,142936
Gasper,Soutar,54,gsoutar9f@webs.com,Male,142911
Mathian,Eagers,33,meagers91@blogspot.com,Male,142774
Robinson,Gilhespy,27,rgilhespymm@com.com,Male,142759
Auguste,Kinforth,72,akinforth85@feedburner.com,Female,142754
Ardenia,Broggetti,39,abroggettiiz@blogspot.com,Female,142717
Mari,Carbin,36,mcarbin3f@about.com,Female,142714
Lek,Chrystal,19,lchrystaldu@comsenz.com,Male,142709
Ana,Leuty,70,aleutypm@youtube.com,Agender,142697
Ban,Swett,73,bswett7i@sfgate.com,Male,142686
Dan,Walkowski,56,dwalkowskih1@cargocollective.com,Male,142680
Parrnell,Sizeland,78,psizelandc7@nhs.uk,Male,142664
Terra,Magne,51,tmagnemd@utexas.edu,Female,142627
Cherish,Brunelleschi,31,cbrunelleschi8p@chron.com,Female,142577
Jeanelle,Nodin,51,jnodinoh@fema.gov,Female,142575
Ruddie,Whickman,41,rwhickman8j@blogs.com,Male,142573
Ramon,Coombe,56,rcoombe1b@engadget.com,Male,142519
Tomaso,Birtles,46,tbirtlesia@hibu.com,Bigender,142488
Noland,Ovell,60,novellis@prnewswire.com,Male,142479
Alphonse,Yitshak,84,ayitshak1z@timesonline.co.uk,Male,142409
Jana,Ainsby,19,jainsbyr3@dell.com,Female,142395
Anstice,Hansana,63,ahansanakv@statcounter.com,Female,142384
Fax,Itzcovich,55,fitzcovichrm@tinypic.com,Male,142378
Magdalene,Trevan,30,mtrevanmo@devhub.com,Female,142353
Joe,Crosio,30,jcrosio2j@networksolutions.com,Male,142350
Melonie,Fido,78,mfidobe@tiny.cc,Female,142350
Ragnar,Kilvington,79,rkilvington23@mapy.cz,Male,142326
Tallie,Blesing,67,tblesingnc@mayoclinic.com,Male,142299
Julianne,Calow,61,jcalow1k@vkontakte.ru,Female,142294
Lucio,Pirri,53,lpirrihy@nhs.uk,Genderqueer,142241
Nolana,Guite,61,nguitech@amazon.co.uk,Female,142218
Esdras,Schober,80,eschobercl@narod.ru,Male,142211
Natala,Plester,64,nplester6m@parallels.com,Female,142168
Deerdre,Norvell,50,dnorvell6z@woothemes.com,Female,142148
Pavlov,Sirette,60,psirette4j@omniture.com,Male,142132
Brad,Pastor,71,bpastorgi@mozilla.com,Male,142067
Zulema,Haddy,70,zhaddymq@google.fr,Female,142043
Ilse,Wyllis,37,iwylliscp@sitemeter.com,Female,141958
Brock,Cuniffe,48,bcuniffei1@google.com.au,Male,141876
Cristy,Stokey,46,cstokeyld@google.fr,Female,141836
Suzanna,Giffkins,78,sgiffkinscl@oracle.com,Female,141826
Helenelizabeth,Fowle,22,hfowleos@utexas.edu,Agender,141815
Henrietta,Knappett,39,hknappett9k@artisteer.com,Female,141752
Cherice,McAdam,74,cmcadam8q@dedecms.com,Female,141741
Batsheva,Seabrooke,48,bseabrooke4f@vinaora.com,Female,141728
Nickey,Scotchbourouge,48,nscotchbourouge24@so-net.ne.jp,Male,141727
Leigh,Jeandillou,49,ljeandillou2z@buzzfeed.com,Male,141711
Dedie,Amsden,36,damsden2m@forbes.com,Female,141671
Jordan,Cumpton,73,jcumpton3g@deviantart.com,Male,141669
Gamaliel,Alywen,19,galywenrp@pbs.org,Male,141668
Livvyy,Guesford,32,lguesfordqg@a8.net,Female,141659
Garik,Inglese,46,ginglesenp@about.com,Male,141570
Dru,Kretchmer,67,dkretchmerk1@eepurl.com,Male,141557
Saunders,Larwell,84,slarwellnc@alexa.com,Male,141547
Franchot,Morant,49,fmoranto3@miibeian.gov.cn,Male,141514
Maggie,De Vries,37,mdevries3u@accuweather.com,Female,141513
Shea,Willmott,50,swillmottev@i2i.jp,Female,141494
Christie,Macia,35,cmaciamh@cocolog-nifty.com,Female,141479
Kimble,Wordsley,55,kwordsleyf1@themeforest.net,Male,141454
Carmine,Ticic,27,cticick2@webmd.com,Female,141445
Levi,Morritt,77,lmorrittei@sciencedaily.com,Male,141420
Tine,Mayes,77,tmayesih@mashable.com,Female,141383
Christabel,McAvaddy,28,cmcavaddypw@drupal.org,Female,141346
Austen,Lamborn,46,alambornee@issuu.com,Male,141343
Leora,Rickman,37,lrickman78@unesco.org,Female,141306
Thomasin,Bovis,69,tbovisof@w3.org,Female,141257
Roosevelt,Whithalgh,83,rwhithalghpe@utexas.edu,Male,141247
Andi,Francklin,75,afrancklinaf@bandcamp.com,Female,141209
Deidre,Fogarty,53,dfogartyj4@amazonaws.com,Female,141208
Ealasaid,Lackie,53,elackiec6@altervista.org,Female,141135
Shandeigh,Lidierth,83,slidierthcu@moonfruit.com,Female,141133
Hailee,Coffee,58,hcoffeemw@t-online.de,Female,141130
Ulrika,Cundey,81,ucundeyhn@miibeian.gov.cn,Female,141113
Virge,Corona,51,vcoronag3@businesswire.com,Male,141076
Merrily,Snaddon,59,msnaddonm3@nytimes.com,Female,141075
Toddy,Dall,70,tdallhd@studiopress.com,Male,141051
Katharyn,Berthomieu,77,kberthomieu17@theguardian.com,Non-binary,141011
Frasquito,MacGahy,49,fmacgahy41@ycombinator.com,Male,140985
Isabelle,Jakaway,70,ijakawaydf@parallels.com,Female,140951
Gene,Broddle,55,gbroddleew@java.com,Male,140938
Giff,Lapish,37,glapishcs@dmoz.org,Male,140900
Base,Limpertz,29,blimpertzq2@timesonline.co.uk,Male,140892
Michaella,Navarijo,63,mnavarijofs@goodreads.com,Female,140881
Joelynn,Arrigucci,49,jarriguccimz@kickstarter.com,Female,140847
Annnora,Schlagh,45,aschlaghs@yellowbook.com,Female,140847
Jacquenetta,Barrasse,53,jbarrassei8@networkadvertising.org,Female,140846
Loren,Edsell,72,ledsell21@icq.com,Male,140836
Clyde,Capener,35,ccapenerqz@miitbeian.gov.cn,Male,140831
Merle,Brosenius,19,mbroseniuslv@forbes.com,Female,140732
Hanny,Angliss,44,hanglisskr@naver.com,Female,140720
Abelard,Giamelli,77,agiamelli68@google.com,Male,140711
Farris,Ilden,70,filden2u@youku.com,Male,140696
Gusty,Conichie,48,gconichiego@purevolume.com,Female,140693
Jeffrey,Ladley,59,jladley7t@discovery.com,Non-binary,140649
Jamal,Issit,75,jissito5@dagondesign.com,Male,140615
Evelin,Templeton,71,etempletonpk@joomla.org,Male,140600
Jenelle,Cristobal,62,jcristobaly@tinyurl.com,Bigender,140552
Michale,Botfield,29,mbotfieldnp@netvibes.com,Male,140538
Annie,Esby,65,aesbydz@pen.io,Female,140528
Keriann,Tarquinio,42,ktarquiniorc@google.com.hk,Female,140518
Ciro,Eneas,30,ceneas2r@nytimes.com,Male,140418
Samara,Neenan,47,sneenanm6@wiley.com,Female,140317
Odelle,Rampley,75,orampleyo2@blogtalkradio.com,Female,140309
Gertie,Sterrie,25,gsterriegl@mapquest.com,Female,140268
Millicent,Cressor,27,mcressor3m@pagesperso-orange.fr,Female,140260
Vern,Wonfar,22,vwonfar1g@pinterest.com,Male,140241
Fifi,Ingham,66,finghamqw@hao123.com,Female,140230
Brynne,Bernardon,53,bbernardonqr@pbs.org,Female,140188
Eli,Jikovsky,71,ejikovskybp@friendfeed.com,Male,140167
Lorettalorna,Aimable,79,laimable6x@latimes.com,Female,140123
Bruno,Vatcher,24,bvatcher78@shutterfly.com,Male,140118
Netti,Spera,54,nsperak4@odnoklassniki.ru,Female,140099
Misha,Sharpless,32,msharplessjj@google.com.au,Female,140085
Chevalier,Doorbar,46,cdoorbarm0@ucoz.com,Male,140078
Celestine,Gainfort,31,cgainfortam@dot.gov,Female,140074
Schuyler,Lawley,76,slawley59@msu.edu,Non-binary,140065
Freeman,Temby,18,ftemby2u@bbc.co.uk,Genderqueer,139997
Judith,Ginsie,48,jginsieat@nbcnews.com,Female,139973
Ryann,Slorach,76,rslorach9s@cdbaby.com,Female,139961
Esther,De Blasio,78,edeblasio26@ehow.com,Female,139933
Theodore,Farncombe,66,tfarncombecr@princeton.edu,Genderfluid,139918
Chic,Searle,64,csearleoq@noaa.gov,Male,139906
Jonathon,Manuel,48,jmanuel50@photobucket.com,Male,139905
Fredelia,Cheston,35,fcheston4y@cloudflare.com,Female,139819
Eddi,Mundy,79,emundyl4@t-online.de,Female,139778
Marco,Gawith,52,mgawith53@blogspot.com,Male,139762
Diena,Coke,59,dcoke13@si.edu,Female,139742
Rubina,Marcroft,41,rmarcroft4w@usgs.gov,Female,139723
Claiborne,Bear,59,cbear4m@ibm.com,Male,139687
Albrecht,Monument,54,amonumentr8@typepad.com,Male,139643
Mei,Balbeck,47,mbalbeckck@jalbum.net,Female,139631
Verene,Roggeman,38,vroggemanhb@nhs.uk,Female,139598
Gabey,Duck,46,gduckea@rakuten.co.jp,Female,139580
Zacharias,Shakle,72,zshakleg5@hhs.gov,Male,139557
Sigmund,Reyes,57,sreyes9n@gov.uk,Male,139552
Rocky,Folan,42,rfolan9t@woothemes.com,Male,139528
Haywood,Kindall,53,hkindall20@woothemes.com,Male,139526
Patton,Doran,37,pdoranmm@rakuten.co.jp,Male,139517
Jedediah,Ellwand,52,jellwand6g@deviantart.com,Male,139514
Marwin,Heckner,50,mhecknercq@shareasale.com,Male,139493
Kelbee,Rogier,32,krogiernw@npr.org,Male,139464
Mile,Reichardt,51,mreichardte@webs.com,Genderqueer,139443
Lela,Lounds,82,lloundspt@un.org,Female,139434
Jannel,Zmitruk,71,jzmitrukai@twitter.com,Female,139430
Nero,Andrew,83,nandrewgh@usa.gov,Male,139380
Rozella,Lenney,72,rlenney2i@technorati.com,Female,139363
Corene,Pringle,61,cpringled9@imgur.com,Female,139309
Robers,Sines,45,rsinesog@mashable.com,Bigender,139300
Sayers,Matuszak,20,smatuszakji@creativecommons.org,Genderfluid,139284
Max,Clingan,61,mclingana1@mapy.cz,Male,139267
Eb,Gainsborough,40,egainsborough3n@plala.or.jp,Male,139230
Adelind,Edgerton,80,aedgertonqh@ibm.com,Female,139224
Zacherie,Lethbury,43,zlethburyjf@cmu.edu,Male,139222
Akim,Gianotti,42,agianotti78@reddit.com,Male,139216
Farrah,Malatalant,33,fmalatalantmu@pagesperso-orange.fr,Female,139212
Dino,Pennazzi,66,dpennazziia@google.ru,Polygender,139180
Damien,Grassin,36,dgrassin9o@wufoo.com,Male,139121
Lilian,Batchelor,83,lbatchelorjj@histats.com,Female,139069
Noe,Anscott,29,nanscottkn@ed.gov,Male,139058
Edee,O'Day,30,eodaydu@linkedin.com,Female,139019
Paddie,Pantry,54,ppantry6q@wikispaces.com,Male,138997
Herby,Pinkard,43,hpinkardga@multiply.com,Male,138990
Minna,Errichi,52,merrichihw@shinystat.com,Female,138924
Maddy,Terrelly,83,mterrelly9w@fda.gov,Female,138922
Fairleigh,Noel,66,fnoel5w@addthis.com,Agender,138914
Lynett,Jeens,34,ljeenspi@storify.com,Female,138877
Elvin,Miles,51,emilesod@gizmodo.com,Male,138862
Farleigh,Biagi,66,fbiagi47@gravatar.com,Agender,138847
Willard,O'Shavlan,67,woshavlan27@indiatimes.com,Male,138826
Syman,O'Geneay,39,sogeneaybe@cbsnews.com,Genderfluid,138815
Greta,Giannazzi,35,ggiannazzi33@zimbio.com,Female,138815
Meggi,Bearfoot,19,mbearfootw@gmpg.org,Genderfluid,138806
Hobie,Medmore,84,hmedmoremk@wiley.com,Male,138771
Tiler,Goldsby,22,tgoldsbyj2@theatlantic.com,Male,138765
Gallagher,Tibbetts,54,gtibbetts3k@twitter.com,Male,138734
Gustavo,Kauffman,81,gkauffmanjt@macromedia.com,Male,138672
Aile,Kinnerley,84,akinnerley94@independent.co.uk,Female,138666
Lila,Asmus,61,lasmusp@wisc.edu,Female,138622
Delano,Scalia,66,dscalia6h@example.com,Male,138611
Gibb,Hadwick,51,ghadwickk8@wordpress.org,Male,138595
Ardis,Hopfer,74,ahopfer3j@nymag.com,Female,138560
Cordelia,Moulson,50,cmoulson5b@mtv.com,Female,138516
Beatrix,Reicharz,31,breicharz8o@irs.gov,Female,138462
Kelcey,Pyecroft,77,kpyecroftel@nyu.edu,Female,138406
Gwendolen,Dikles,47,gdikleskl@prlog.org,Female,138365
Starr,Slay,28,sslayig@si.edu,Female,138364
Flss,Okenfold,45,fokenfoldgn@linkedin.com,Female,138332
Dulsea,Clail,82,dclailcl@prweb.com,Female,138299
Brandise,Edlington,67,bedlingtonap@soundcloud.com,Female,138272
Arlen,Bridgman,61,abridgmanhv@phoca.cz,Male,138235
Minda,Pitway,49,mpitway92@yandex.ru,Female,138235
Barbabas,Moakes,85,bmoakesg0@yellowbook.com,Male,138125
Glenn,Musslewhite,77,gmusslewhitefl@wikimedia.org,Non-binary,138111
Mechelle,Romney,58,mromneyhm@si.edu,Female,138085
Rebecca,Addie,31,raddieir@uiuc.edu,Female,138069
Roseann,Sueter,53,rsueter3x@sbwire.com,Female,138047
Sada,Heffy,63,sheffy8s@behance.net,Female,138033
Blythe,Gyppes,83,bgyppes1@csmonitor.com,Female,138003
Izaak,Vallentine,64,ivallentineog@123-reg.co.uk,Male,137963
Doro,Hollingsby,62,dhollingsbyja@statcounter.com,Female,137867
Lilia,Phant,48,lphantfn@weebly.com,Female,137858
Myca,Crosson,51,mcrosson14@uol.com.br,Male,137842
Andy,Hardwidge,54,ahardwidgebv@hexun.com,Female,137821
Winston,Hamprecht,19,whamprechtk0@ed.gov,Male,137810
Twila,Probbing,54,tprobbinghz@ebay.co.uk,Female,137805
Selinda,Lorenzetto,58,slorenzetto1o@springer.com,Female,137797
Renie,Kondrachenko,77,rkondrachenkoj0@census.gov,Female,137786
Jacinda,Loughrey,52,jloughreyk@lulu.com,Female,137758
Dael,Avo,28,davo3o@livejournal.com,Male,137717
Wandis,McCuffie,37,wmccuffieq6@t.co,Female,137678
Mose,Bretelle,38,mbretellef0@bloglines.com,Male,137595
Agnes,Lydden,27,alyddenot@people.com.cn,Female,137567
Ronny,Carpenter,43,rcarpenterm8@infoseek.co.jp,Female,137559
Tedd,Proske,24,tproskeoj@cbslocal.com,Male,137541
Annice,Blankett,33,ablankettma@t.co,Female,137534
Chad,Bevar,65,cbevarmz@arstechnica.com,Bigender,137496
Danette,Sawyers,72,dsawyers8d@howstuffworks.com,Female,137478
Rossy,Inold,78,rinoldfo@macromedia.com,Male,137472
Rafael,Gorthy,32,rgorthyla@trellian.com,Male,137461
Esdras,Slym,68,eslymmd@timesonline.co.uk,Male,137424
Uriel,Ludye,39,uludyemv@networksolutions.com,Male,137336
Oswell,Kubelka,71,okubelka7s@phpbb.com,Male,137310
Torrin,Stamp,64,tstampg4@diigo.com,Male,137266
Nerti,Ludron,67,nludronld@imgur.com,Female,137249
Cyndi,Portt,54,cporttop@cornell.edu,Female,137246
Berget,Monni,36,bmonni8w@wikispaces.com,Female,137180
Priscella,McKimm,40,pmckimm2h@cdbaby.com,Female,137179
Malchy,McCoole,83,mmccooleq9@cloudflare.com,Bigender,137138
Franny,Hyndes,30,fhyndes4@cocolog-nifty.com,Male,137133
Scotty,Handrock,40,shandrock7i@bigcartel.com,Male,137112
Jade,Gutowski,43,jgutowskil7@usa.gov,Female,137080
Jude,Vasentsov,71,jvasentsovff@smh.com.au,Male,137068
Nikkie,Tallant,68,ntallant3i@seattletimes.com,Female,137050
Mannie,Scroyton,82,mscroytonnl@multiply.com,Male,137034
Hedwig,Sewart,33,hsewartcg@wix.com,Bigender,137025
Suzanna,Hanning,52,shanningg8@wired.com,Female,136993
Bibbye,Dobble,22,bdobblen4@tiny.cc,Female,136960
Maurine,Pike,44,mpikenf@ovh.net,Female,136943
Maynord,Dwane,73,mdwanejx@netvibes.com,Polygender,136939
Odette,Cubbinelli,76,ocubbinellika@slashdot.org,Female,136936
Jerome,Lockney,60,jlockneyda@sakura.ne.jp,Male,136931
Farly,Garfit,27,fgarfit6m@boston.com,Male,136927
Georg,Fransinelli,70,gfransinellif7@icq.com,Male,136925
Roanne,Eathorne,39,reathorne66@umn.edu,Female,136879
Marlena,Laycock,21,mlaycock5x@comcast.net,Female,136873
Hermon,Hemerijk,77,hhemerijk5t@ihg.com,Male,136857
Bradly,Stenet,44,bstenetpw@independent.co.uk,Male,136849
Markos,Castagnaro,19,mcastagnarocf@mac.com,Male,136835
Andromache,Woolam,74,awoolampe@zdnet.com,Female,136810
Melisande,Havock,24,mhavockgt@pagesperso-orange.fr,Female,136779
Larina,Hammerich,43,lhammerichh9@gizmodo.com,Female,136755
Franklyn,Codlin,63,fcodlin62@desdev.cn,Male,136707
Julita,Daniell,56,jdaniell8l@google.es,Female,136702
Gayel,Wallsam,30,gwallsamf0@geocities.jp,Female,136681
Kylynn,Stollsteimer,63,kstollsteimern7@statcounter.com,Female,136679
Kayne,Quillinane,76,kquillinane2h@apache.org,Male,136621
Crista,Yablsley,22,cyablsleycq@berkeley.edu,Polygender,136585
Johnnie,Worcester,38,jworcester1@oaic.gov.au,Male,136584
Carolynn,Broadfield,64,cbroadfieldgr@topsy.com,Female,136552
Rory,Keirl,76,rkeirlp9@theglobeandmail.com,Male,136521
Andee,Aitkin,54,aaitkinmm@posterous.com,Female,136507
Dill,Hadden,68,dhaddenb6@skyrock.com,Male,136488
Skippie,Conningham,21,sconningham5f@ycombinator.com,Male,136421
Cristian,Santos,84,csantosle@twitpic.com,Male,136367
Cristi,Hastelow,51,chastelowd2@ucla.edu,Female,136356
Filberto,Clewett,24,fclewett3u@pen.io,Male,136328
Ogden,Bachelor,78,obachelor8h@nymag.com,Male,136308
Inger,Killeley,59,ikilleley2c@tripadvisor.com,Male,136290
Shirlene,Philpin,52,sphilpinge@skyrock.com,Female,136284
Nilson,Tapner,51,ntapnerjr@opensource.org,Male,136279
Deanne,Greetland,54,dgreetlanddv@state.tx.us,Female,136272
Ronalda,Pedler,35,rpedlerk1@usnews.com,Female,136265
Lynn,Dubbin,83,ldubbin64@jimdo.com,Male,136264
Marilin,Lambertini,56,mlambertini60@youku.com,Female,136259
Peadar,Negus,50,pnegusqx@lycos.com,Male,136248
Sebastien,Rykert,78,srykerteg@mac.com,Male,136244
Jessalyn,Franses,23,jfranses42@toplist.cz,Female,136242
Yuri,Kintish,20,ykintishfm@disqus.com,Agender,136216
Rosalie,Enrico,32,renrico44@sciencedaily.com,Female,136194
Zaneta,Ladon,70,zladon8f@wikispaces.com,Female,136170
Neille,McLaughlan,56,nmclaughlan2e@t.co,Polygender,136169
Vikki,Cozzi,19,vcozzifb@ted.com,Polygender,136156
Veradis,Bruckenthal,55,vbruckenthalgx@reference.com,Female,136148
Shannan,Riding,85,sridingpu@constantcontact.com,Male,136122
Granville,Micheli,80,gmicheli1i@t.co,Male,136074
Davon,Potebury,56,dpoteburyfg@msn.com,Male,136073
Adrian,Hugett,62,ahugette5@youku.com,Genderfluid,136059
Alexandro,Millins,85,amillins5c@nydailynews.com,Male,136003
Stanford,Fairfull,24,sfairfullfc@aol.com,Male,135957
Early,Jackes,59,ejackesa5@state.tx.us,Male,135902
Esther,Campaigne,57,ecampaigneac@bbc.co.uk,Female,135853
Tadeo,Jales,28,tjalesbs@webnode.com,Male,135802
Emile,Deaville,83,edeavillel5@sphinn.com,Genderqueer,135795
Dacia,Bedson,61,dbedsond6@discuz.net,Female,135757
Tana,Karpychev,31,tkarpychev79@omniture.com,Female,135756
Filmer,Aubin,35,faubinay@princeton.edu,Male,135717
Simmonds,Brasier,65,sbrasier1b@foxnews.com,Male,135700
Timothy,Milillo,84,tmilillopf@discovery.com,Male,135669
Padraic,Clymer,65,pclymer44@newyorker.com,Male,135658
Chrissy,Leacy,82,cleacyhe@mediafire.com,Male,135616
Karalee,Freiberg,18,kfreiberg4x@ovh.net,Female,135555
Steward,Potell,74,spotellfv@google.fr,Agender,135550
Melania,MacCallister,60,mmaccallisterfy@shinystat.com,Female,135519
Reilly,Wigzell,41,rwigzell90@hhs.gov,Male,135495
Holly,Breede,39,hbreedej@unicef.org,Male,135448
Berny,Wiersma,18,bwiersmapb@tripod.com,Male,135365
Demetrius,Holdey,79,dholdey2g@imdb.com,Male,135354
Brucie,Capozzi,62,bcapozzik6@cnn.com,Male,135310
Gherardo,Binstead,71,gbinsteadgk@freewebs.com,Male,135243
Brandy,Ewen,83,bewen4c@businessinsider.com,Female,135164
Laurena,Genthner,37,lgenthnerjn@nbcnews.com,Female,135108
Margaret,Strotone,47,mstrotonekp@google.co.uk,Female,135095
Davide,Heselwood,25,dheselwoodc4@scribd.com,Male,135079
Percy,Veck,24,pveckgm@clickbank.net,Male,135076
Clareta,Rathbone,65,crathbone3g@sfgate.com,Female,135059
Aurelie,Banghe,78,abangheiw@exblog.jp,Female,135039
Redd,Armin,44,rarminlf@cnbc.com,Male,135019
Ximenez,Velti,47,xvelti2c@hubpages.com,Male,135014
Shell,Golt,82,sgolt7g@ifeng.com,Male,134995
Skipp,Friday,73,sfridayfa@washingtonpost.com,Male,134936
Loree,Ebbles,53,lebbleslq@theglobeandmail.com,Female,134934
Johanna,Campey,41,jcampey2v@surveymonkey.com,Female,134900
Gabriell,Gillinghams,64,ggillinghams5s@dailymotion.com,Female,134899
Ham,Commucci,24,hcommucci4f@foxnews.com,Male,134819
Mareah,Jockle,35,mjocklell@pbs.org,Female,134810
Clay,Chessel,69,cchesselii@cdc.gov,Male,134789
Benny,Glidder,50,bgliddergw@xrea.com,Female,134763
Ben,Coldbathe,21,bcoldbatheic@mit.edu,Male,134749
Lee,Eady,45,leadya6@amazon.com,Bigender,134735
Corrine,Goter,82,cgoter1w@go.com,Female,134706
Theresita,Gillino,40,tgillinoab@illinois.edu,Female,134665
Nissie,Hirjak,62,nhirjakpr@hp.com,Female,134641
Geordie,BURWIN,82,gburwinjp@hubpages.com,Male,134628
Marsh,Foy,38,mfoy17@nationalgeographic.com,Male,134619
Desiri,Demkowicz,34,ddemkowiczqc@godaddy.com,Female,134602
Maud,Tack,81,mtacklg@wp.com,Agender,134515
Stoddard,Abrami,22,sabrami34@nifty.com,Female,134472
Claudette,Casford,69,ccasfordns@huffingtonpost.com,Polygender,134457
Elwood,Iddens,28,eiddens1n@va.gov,Male,134405
Evy,Frede,59,efrede8l@cisco.com,Female,134402
Sheppard,Prendergast,56,sprendergastm2@shop-pro.jp,Male,134383
Denise,Rodolf,61,drodolfqm@ehow.com,Genderqueer,134368
Christie,Heister,31,cheister1n@wordpress.com,Genderfluid,134347
Gayler,Needham,65,gneedham91@myspace.com,Non-binary,134331
Carmelia,McLanachan,53,cmclanachanb4@google.co.jp,Female,134316
Ceil,Diter,47,cditerk3@storify.com,Polygender,134223
Filippo,Tiery,79,ftierybi@flickr.com,Male,134143
Evin,Mabbitt,18,emabbittbb@mapquest.com,Male,134137
Vivi,Benoix,35,vbenoix2b@spiegel.de,Female,134136
Keene,Mebs,57,kmebs8i@nifty.com,Male,134085
Rafaello,Mollett,55,rmollett56@sun.com,Genderqueer,134056
Gram,Tute,54,gtutekn@miitbeian.gov.cn,Male,134048
Tandie,Portis,34,tportis4r@simplemachines.org,Female,134029
Garvy,Longfoot,55,glongfoot8t@indiegogo.com,Male,134003
Willem,Diano,76,wdianoew@barnesandnoble.com,Male,133977
Allayne,Brede,47,abredemc@free.fr,Male,133876
Eleni,Swalowe,52,eswalowe8n@gizmodo.com,Female,133750
Staffard,Blenkinsopp,81,sblenkinsopppj@auda.org.au,Non-binary,133747
Hilda,Gibb,68,hgibb98@google.pl,Female,133722
Erena,Siviter,74,esiviterr1@eventbrite.com,Female,133643
Juli,Raggatt,60,jraggattgc@nhs.uk,Female,133642
Bryn,Brimblecombe,45,bbrimblecombe90@geocities.com,Genderfluid,133639
Dorri,Kennet,27,dkennetqx@msn.com,Female,133582
Maiga,Aaronson,20,maaronson5b@irs.gov,Female,133549
Lorenzo,Hartin,43,lhartin21@webs.com,Male,133536
Lory,Eslinger,53,leslinger2g@ftc.gov,Female,133524
Gerta,Crowdy,74,gcrowdycb@thetimes.co.uk,Female,133500
Inglis,Metherell,37,imetherell3b@cmu.edu,Male,133472
Darsey,Huortic,20,dhuorticj5@xinhuanet.com,Female,133442
Gabbie,Ealles,30,geallesct@drupal.org,Male,133415
Abran,Dorman,22,adormankh@infoseek.co.jp,Male,133378
Damon,Radcliffe,22,dradcliffenk@boston.com,Male,133368
Lanny,Yoakley,84,lyoakleyc7@twitpic.com,Male,133320
Marve,Cornwell,42,mcornwellk7@gov.uk,Male,133281
Noe,Longhirst,38,nlonghirstey@behance.net,Male,133259
Gill,Conlaund,59,gconlaundfs@godaddy.com,Genderqueer,133251
Cordie,Banville,48,cbanvillege@whitehouse.gov,Bigender,133249
Caesar,Darrington,28,cdarringtonm@ifeng.com,Male,133219
Adrienne,Bellefant,85,abellefantn7@ucsd.edu,Female,133212
Benson,Westover,30,bwestover6u@flavors.me,Male,133211
Cordie,Schoenfisch,46,cschoenfischhc@istockphoto.com,Male,133211
Ancell,Meaders,58,ameadersft@livejournal.com,Male,133165
Gianina,Yedy,23,gyedyfc@foxnews.com,Female,133151
Lesley,Minards,80,lminardst@surveymonkey.com,Male,133142
Claus,Habeshaw,76,chabeshawbb@slate.com,Male,133099
Nataniel,Kisar,70,nkisar47@zdnet.com,Male,133030
Thedric,Eisak,68,teisakaf@fc2.com,Male,133020
Baxie,Varsey,34,bvarseync@nps.gov,Male,132965
Saxe,Fender,63,sfendernr@opensource.org,Male,132960
Kit,Hughs,45,khughsni@elpais.com,Male,132959
Norrie,Bassham,31,nbassham30@fastcompany.com,Female,132952
Adorne,Osboldstone,85,aosboldstoneei@taobao.com,Female,132951
Sileas,Frail,72,sfrail31@sbwire.com,Female,132946
Meris,Sitch,59,msitchc0@prlog.org,Female,132941
Libbi,Trivett,76,ltrivettko@stanford.edu,Female,132940
Lilly,Alpes,61,lalpes4p@squarespace.com,Female,132820
Randal,Kitchenman,72,rkitchenman89@cafepress.com,Male,132812
Issi,Van Velde,47,ivanvelde5p@google.com.br,Female,132793
Levin,Kyffin,83,lkyffinrg@slate.com,Male,132752
Fae,Adamides,35,fadamides5q@indiegogo.com,Genderfluid,132726
Neddie,Moran,62,nmoraned@hibu.com,Male,132623
Emlyn,Dyshart,61,edysharts@addthis.com,Male,132608
Petey,Hallihan,62,phallihan66@usatoday.com,Non-binary,132606
Tadeas,Bickell,53,tbickellrp@omniture.com,Male,132600
Domenic,Pettersen,27,dpettersenio@marketwatch.com,Male,132568
Atlante,Castaneda,51,acastaneda5a@tumblr.com,Female,132542
Ronica,Leitch,85,rleitch6p@gizmodo.com,Female,132533
Hillary,Vido,61,hvidorf@nps.gov,Female,132527
Una,McDonald,63,umcdonald88@newyorker.com,Female,132524
Udale,Hailey,32,uhailey9j@tumblr.com,Male,132521
Tracy,Rawson,53,trawsonnr@tumblr.com,Female,132488
Taryn,Mosdell,48,tmosdellhp@histats.com,Female,132485
Maire,Woollin,79,mwoollinf5@opensource.org,Genderqueer,132480
Vassily,Landrick,19,vlandrickk@com.com,Male,132479
Moise,Rimington,50,mrimingtonae@eepurl.com,Male,132478
Werner,Fuchs,60,wfuchs9n@hatena.ne.jp,Male,132463
Damian,Ranscombe,23,dranscombe1v@wikipedia.org,Male,132414
Sibley,Earl,80,searl3g@tumblr.com,Female,132395
Jacobo,Camin,21,jcamin3s@elegantthemes.com,Male,132388
Nick,Annesley,39,nannesley9y@123-reg.co.uk,Male,132372
Sly,Setter,63,ssetterk0@imgur.com,Male,132337
Aubert,Hawson,52,ahawsongu@house.gov,Male,132335
Kalina,Djorevic,42,kdjorevica0@facebook.com,Female,132302
Ulrick,Prodrick,53,uprodrick5h@aboutads.info,Male,132185
Costa,Awcoate,26,cawcoatec8@plala.or.jp,Male,132169
Caresse,Batt,45,cbatt81@wix.com,Genderfluid,132169
Marci,Shear,21,mshear3p@disqus.com,Agender,132131
Noah,Emmot,34,nemmot23@shop-pro.jp,Polygender,132128
Drucill,Akam,34,dakamqs@yellowpages.com,Female,132107
Costa,Drover,40,cdroverne@nih.gov,Male,132082
Milo,Druett,64,mdruett6r@ucoz.ru,Bigender,132073
Haley,Noirel,23,hnoirelrn@goo.gl,Male,132055
Farlay,Grigorini,23,fgrigorinior@dot.gov,Genderqueer,132035
Donn,Heasman,64,dheasmani7@xinhuanet.com,Male,132034
Shoshanna,Mackerel,72,smackerel7m@themeforest.net,Female,132022
Brandtr,McManus,71,bmcmanusok@time.com,Male,132022
Raddy,Gradwell,82,rgradwelljy@blog.com,Male,131925
Hillary,Camocke,77,hcamockejm@oakley.com,Male,131906
Winthrop,McCorkindale,25,wmccorkindaleet@sogou.com,Male,131856
Cari,Maciocia,35,cmaciocian0@home.pl,Female,131850
Thorny,Allday,38,tallday8i@opera.com,Male,131803
Misha,Moreno,59,mmorenofy@shinystat.com,Female,131775
Curtice,Izkovicz,49,cizkoviczq1@tripadvisor.com,Male,131757
Ole,Gibby,64,ogibbya8@com.com,Agender,131688
Reeta,Woolvin,42,rwoolvin2c@harvard.edu,Female,131665
Nancee,O'Looney,62,nolooneyof@geocities.com,Bigender,131605
Cammy,Kuhnert,28,ckuhnert7m@buzzfeed.com,Female,131592
Modestine,Swindon,74,mswindonkz@zdnet.com,Female,131544
Bonnee,Stennard,56,bstennardro@epa.gov,Female,131514
Adam,Schirach,40,aschirachpt@ebay.com,Male,131502
Melisande,Pantling,42,mpantling9s@redcross.org,Female,131501
Kimmy,Deakin,18,kdeakingx@abc.net.au,Female,131492
Esmaria,Laxe,85,elaxebz@photobucket.com,Female,131474
Didi,Fahey,52,dfaheyf8@bigcartel.com,Female,131372
Adams,Collibear,58,acollibear6j@google.com,Male,131370
Dniren,Loody,56,dloodyle@npr.org,Female,131317
Velvet,Wormald,68,vwormaldho@google.com.au,Female,131260
Mackenzie,Delucia,80,mdeluciah2@artisteer.com,Male,131225
Allister,Marusik,41,amarusikq6@earthlink.net,Male,131193
Orrin,McDyer,74,omcdyer83@sina.com.cn,Polygender,131148
Normie,Oldam,51,noldamlj@va.gov,Bigender,131097
Channa,Pavek,38,cpavekgd@gnu.org,Female,131094
Rafaello,Marishenko,71,rmarishenko5i@opensource.org,Male,131087
Donica,Santus,52,dsantusn5@whitehouse.gov,Female,131059
Tymothy,Wakerley,70,twakerleyew@opera.com,Male,131033
Lina,Drinkall,54,ldrinkallj7@home.pl,Female,131003
Charita,Christmas,23,cchristmask3@instagram.com,Female,130988
Zebulen,Kleinbaum,84,zkleinbaumjo@jigsy.com,Male,130981
Camile,Purver,58,cpurver56@posterous.com,Female,130967
Betteann,Witchalls,78,bwitchalls3p@lycos.com,Female,130965
Brock,Jenteau,18,bjenteau9n@ihg.com,Male,130952
Terese,Pembry,50,tpembrymh@nsw.gov.au,Female,130937
Adrian,Kneafsey,84,akneafsey3d@shutterfly.com,Female,130932
Arv,Daffern,24,adaffern2p@ucoz.com,Male,130905
Cara,Fetters,40,cfetters8r@rakuten.co.jp,Female,130900
Mirna,Castletine,44,mcastletinejz@admin.ch,Female,130899
Sophi,Scandwright,55,sscandwright6@squidoo.com,Female,130896
Hayyim,Hallan,70,hhallanmt@barnesandnoble.com,Genderfluid,130887
Lorene,Botwright,27,lbotwrightio@state.gov,Female,130867
Clay,Dingivan,70,cdingivanai@chron.com,Male,130829
Henri,Knee,75,hkneeni@miibeian.gov.cn,Male,130813
Reade,Willard,57,rwillardbl@mashable.com,Male,130806
Harlie,Giovanizio,60,hgiovaniziofh@twitter.com,Female,130747
Beniamino,Follett,58,bfollett2d@weebly.com,Male,130747
Shepherd,Ginsie,77,sginsiepy@walmart.com,Male,130731
Sean,Loram,83,sloramdj@sun.com,Female,130697
Orelie,Godilington,80,ogodilingtonq5@goo.ne.jp,Female,130629
Antonia,Ripping,54,arippingi5@smh.com.au,Polygender,130609
Kenyon,Yorath,65,kyorath3d@ycombinator.com,Male,130561
Port,Chastagnier,69,pchastagnier7r@google.cn,Male,130546
Drusi,Mougin,20,dmougin9@dropbox.com,Female,130420
Madelle,Fillgate,55,mfillgateoo@npr.org,Female,130382
Dione,L'Hommee,63,dlhommeee@ucsd.edu,Female,130377
Daren,Gomery,81,dgomeryl8@slashdot.org,Male,130248
Mara,Iliff,52,miliff2b@unicef.org,Female,130215
Germain,Petersen,74,gpetersen3i@toplist.cz,Male,130209
Anastasie,Methley,55,amethleyhw@cbsnews.com,Female,130185
Corella,Semark,47,csemark28@netlog.com,Female,130166
Mada,Eveling,39,mevelingm0@washingtonpost.com,Female,130141
Frannie,Krolle,25,fkrollehg@wikipedia.org,Male,130135
Mikey,Ovid,31,movidb6@sourceforge.net,Genderfluid,130119
Jemmy,Kellett,51,jkellett4l@pagesperso-orange.fr,Female,130118
Oneida,Presnell,81,opresnellfn@youtube.com,Female,130088
Branden,Derrick,19,bderrick9w@github.com,Male,130071
Moreen,Romanini,85,mromaninifu@ocn.ne.jp,Female,130022
Trefor,Du Plantier,38,tduplantierbs@cbslocal.com,Male,130013
Kim,Ellerby,58,kellerby2a@rakuten.co.jp,Female,129994
Peggi,McLeoid,70,pmcleoid39@hibu.com,Female,129987
Lydon,Ruffli,40,lruffli70@nasa.gov,Male,129954
Jolee,Driussi,55,jdriussinb@uol.com.br,Female,129893
Tammy,Petkovic,31,tpetkovicpn@symantec.com,Male,129830
Jolyn,Guisler,27,jguislerdi@europa.eu,Female,129825
Sinclair,Evelyn,29,sevelynjf@miibeian.gov.cn,Male,129821
Earlie,Inchbald,18,einchbaldm1@goo.gl,Male,129816
Tony,Forsey,25,tforseyg7@booking.com,Female,129807
Timmie,McIlmurray,48,tmcilmurrayhx@4shared.com,Male,129779
Osborn,Wadge,36,owadgegu@1688.com,Male,129725
Cassy,Kirsch,43,ckirschos@gravatar.com,Female,129717
Auria,Joron,55,ajoron28@clickbank.net,Female,129715
Lorelei,Sydry,59,lsydry45@1688.com,Female,129685
Noreen,Ollier,43,nollier2z@dot.gov,Female,129651
Perry,Billham,54,pbillham8v@umich.edu,Female,129563
Gran,Wandrich,56,gwandrichb4@disqus.com,Male,129555
Jamaal,Hartland,21,jhartland45@state.gov,Genderqueer,129463
Blinnie,Bugdell,43,bbugdell5y@imageshack.us,Female,129459
Errol,Switzer,19,eswitzerhz@blogs.com,Male,129448
Ingra,Jolliman,57,ijollimanh8@imgur.com,Male,129404
Maddie,Balogun,52,mbalogun3j@gmpg.org,Male,129353
Ardene,Boxen,68,aboxendn@weather.com,Female,129266
Hedwiga,Ballance,66,hballancepz@admin.ch,Genderqueer,129233
Eryn,Otton,43,eottonle@fda.gov,Female,129233
Wolfie,Leicester,33,wleicesterqp@nifty.com,Male,129188
Iain,Slocombe,21,islocombe41@blogger.com,Male,129187
Zack,Fauguel,50,zfauguel2n@acquirethisname.com,Male,129186
Clare,Allom,33,callom2m@ucsd.edu,Female,129185
Meta,Cosyns,63,mcosynsir@guardian.co.uk,Female,129170
Flori,Frere,47,ffrerel7@stanford.edu,Female,129161
Osborne,Blanking,43,oblankingdq@mapquest.com,Male,129141
Tina,Pointing,82,tpointingjk@over-blog.com,Female,129126
Dominique,Ewins,84,dewinskl@webnode.com,Female,129042
Amitie,Castells,23,acastells5@t-online.de,Female,129034
Micki,Yoakley,37,myoakley4d@addtoany.com,Female,128967
Ailina,Edgin,39,aedgin7f@infoseek.co.jp,Female,128943
Mort,MacAree,41,mmacaree4g@ox.ac.uk,Male,128874
Caralie,Hankinson,80,chankinson2i@twitter.com,Female,128853
Barnabas,Beddoe,82,bbeddoenb@amazon.com,Male,128850
Alvin,Aggio,60,aaggiodg@macromedia.com,Male,128798
Joelie,Brookwood,38,jbrookwoodbk@amazon.com,Female,128778
Miles,Beames,66,mbeames7k@oakley.com,Male,128773
Ced,Drysdell,31,cdrysdellbk@prnewswire.com,Male,128773
Gabriel,Pinchbeck,63,gpinchbeck63@wikipedia.org,Male,128765
Colly,Kobierzycki,41,ckobierzycki42@latimes.com,Female,128673
Vanny,Kobieriecki,31,vkobierieckipp@amazon.de,Female,128635
Abigale,Tuiller,72,atuillerlz@ed.gov,Female,128632
Bern,Meritt,54,bmeritt8l@sourceforge.net,Male,128615
Harp,Cejka,47,hcejka7q@bbc.co.uk,Agender,128615
Eada,Kirsch,33,ekirschb8@prnewswire.com,Genderfluid,128578
Beilul,Winder,85,bwinder5r@ft.com,Female,128569
Siana,Gredden,66,sgredden7g@spiegel.de,Female,128521
Felicity,Ballham,35,fballhamqb@bandcamp.com,Female,128514
Tab,Rout,68,troutaq@mlb.com,Male,128500
Harwell,Sanham,67,hsanhamp2@webs.com,Male,128485
Clayborn,Ferreres,41,cferreresp@t-online.de,Male,128437
Larissa,Earley,35,learley65@senate.gov,Female,128423
Janaye,Tremayne,66,jtremaynek6@washingtonpost.com,Female,128391
Tully,Raff,52,traff1b@ebay.com,Male,128373
Clarance,Guerriero,34,cguerrierojf@theatlantic.com,Genderfluid,128361
Stefania,Blenkensop,35,sblenkensopbe@jugem.jp,Female,128298
Emmye,Embery,65,eemberyhd@etsy.com,Polygender,128260
Faun,Belt,41,fbeltqg@xinhuanet.com,Female,128243
Andris,Tomsa,36,atomsaig@g.co,Male,128225
Sarette,Dufaur,61,sdufaurh5@smugmug.com,Female,128218
Crosby,Tovey,72,ctoveyle@pbs.org,Genderfluid,128217
Jerrilyn,Butson,37,jbutsoncx@nba.com,Female,128212
Bernardina,Woodger,50,bwoodgereu@ocn.ne.jp,Female,128210
Phip,Ravenhill,64,pravenhill35@craigslist.org,Male,128180
Marni,Tobin,58,mtobino6@quantcast.com,Female,128137
Jaine,Hansman,73,jhansmanmt@weebly.com,Female,128130
Ted,Samways,62,tsamways5o@naver.com,Male,128126
Elna,Gipp,52,egipphe@exblog.jp,Female,128114
Stinky,McEwan,67,smcewane5@bloglines.com,Male,128101
Briny,Beswell,24,bbeswelldr@globo.com,Female,128062
Bertine,Sachno,61,bsachnok5@diigo.com,Female,128056
Marni,Worcs,78,mworcspe@wordpress.com,Female,127989
Marshall,Berrisford,33,mberrisford9q@discovery.com,Male,127985
Nikolaus,Dunrige,58,ndunrigecm@fotki.com,Male,127979
Briant,Bottell,32,bbottelljw@craigslist.org,Male,127959
Bernetta,Gudge,31,bgudge8u@so-net.ne.jp,Female,127920
Chrissie,Peegrem,43,cpeegremot@accuweather.com,Male,127898
Skippie,Dabbes,39,sdabbesii@elpais.com,Male,127849
Reginald,Stennings,62,rstenningsns@wikia.com,Male,127808
Packston,Meeke,84,pmeekenk@toplist.cz,Male,127744
De witt,Brekonridge,80,dbrekonridgenl@nih.gov,Male,127738
Ainslie,Aleksandrev,70,aaleksandrev5u@exblog.jp,Female,127718
Coop,Goodlip,32,cgoodlip6q@amazon.de,Male,127694
Wildon,Morratt,66,wmorratt6b@quantcast.com,Male,127692
Pail,Spiers,79,pspiers3w@shop-pro.jp,Agender,127668
Tibold,Butts,54,tbutts77@ocn.ne.jp,Male,127640
Minetta,Danes,85,mdanes6i@cbslocal.com,Female,127632
Dennie,Savil,60,dsavilgl@1und1.de,Female,127590
Paolo,Crim,41,pcrim8v@arstechnica.com,Male,127576
Toby,Philpotts,48,tphilpotts55@miibeian.gov.cn,Female,127544
Freddie,Garvill,73,fgarvill6y@sun.com,Female,127491
Curtice,Giller,38,cgillerbf@homestead.com,Male,127489
Greer,Alben,72,galben2t@friendfeed.com,Female,127456
Northrup,Witcomb,59,nwitcombn0@g.co,Male,127455
Meaghan,Zapata,55,mzapata87@sohu.com,Female,127410
Cher,Pettie,81,cpettie1r@eepurl.com,Female,127393
Ertha,Vose,49,evoseob@rambler.ru,Female,127385
Erminie,Fancett,28,efancettqi@fema.gov,Female,127365
Winnie,Kelloway,77,wkellowayi5@gmpg.org,Female,127308
Merrill,Westlake,78,mwestlake3y@epa.gov,Male,127291
Erinn,Semaine,82,esemainepg@eepurl.com,Female,127229
Lillis,Scripture,76,lscriptureny@homestead.com,Female,127204
Christan,Maunders,36,cmaundersqh@diigo.com,Female,127182
Hersh,Pullin,78,hpullinml@miibeian.gov.cn,Male,127152
Sibilla,Baumler,37,sbaumler3q@sbwire.com,Female,127140
Charla,Edmonds,22,cedmondsg@scribd.com,Female,127128
Kimmy,Buckner,29,kbucknerld@trellian.com,Female,127093
Stephine,Stallwood,74,sstallwoodb@free.fr,Female,127045
Martainn,Advani,49,madvanip2@nps.gov,Male,127016
Karlen,Seak,43,kseaki9@taobao.com,Agender,126982
Myrna,Shepperd,59,mshepperdi3@statcounter.com,Female,126964
Leanna,Kinsman,82,lkinsmanee@cisco.com,Female,126953
Iolande,Joscelyne,25,ijoscelyneim@ucla.edu,Female,126946
Issi,Guerola,21,iguerola74@techcrunch.com,Female,126945
Davin,Braz,38,dbraz70@va.gov,Male,126943
Cati,Sproson,81,csprosonhq@ustream.tv,Female,126919
Janis,Grummitt,60,jgrummittd3@reddit.com,Genderqueer,126905
Seana,Cawkwell,30,scawkwelldz@hubpages.com,Female,126876
Yoko,Wilstead,75,ywilsteada6@phpbb.com,Female,126854
Meryl,Balharry,76,mbalharrycj@google.it,Male,126844
Maribeth,Cattroll,42,mcattrollaf@sitemeter.com,Female,126798
Averil,Pearle,43,apearle1h@mapquest.com,Female,126791
Cordie,Schlagman,39,cschlagmanif@mysql.com,Male,126782
Jarrett,Palatini,66,jpalatinif3@unc.edu,Male,126748
Gianna,Fairley,58,gfairleyht@wikipedia.org,Female,126713
Ysabel,Lorryman,56,ylorryman67@gov.uk,Female,126641
Jinny,Astle,71,jastlepi@jugem.jp,Female,126623
Dare,Hoxey,46,dhoxeykg@hexun.com,Male,126607
Ulysses,Gronow,41,ugronow2t@cyberchimps.com,Genderqueer,126606
Pryce,Manterfield,71,pmanterfieldll@discovery.com,Male,126565
Kingston,Miner,46,kminer7@tripadvisor.com,Male,126497
Cross,Gladdifh,32,cgladdifh7b@reference.com,Male,126450
Violet,Jellard,35,vjellard9v@clickbank.net,Female,126444
Joana,Ervine,66,jervine8y@rakuten.co.jp,Female,126438
Lindon,Demangeot,62,ldemangeotq3@utexas.edu,Male,126424
Paige,Girod,57,pgirod36@webmd.com,Female,126417
Louis,Thandi,69,lthandihx@jimdo.com,Male,126398
Lazarus,Holme,45,lholmekh@squarespace.com,Male,126380
Turner,Vogele,65,tvogeleq2@g.co,Male,126338
Benito,Tuohy,69,btuohyc7@dion.ne.jp,Bigender,126324
Sal,Aireton,40,saireton2i@arizona.edu,Male,126311
Lynn,McNysche,85,lmcnyschepz@cbc.ca,Male,126310
Marilee,Grob,40,mgrobr7@storify.com,Polygender,126257
Darnell,Manshaw,45,dmanshaw4p@ucla.edu,Genderqueer,126244
Mendy,Spender,31,mspender77@cyberchimps.com,Male,126235
Hanna,Tills,32,htillsix@foxnews.com,Female,126172
Andras,Rowes,22,arowescd@sciencedirect.com,Agender,126162
Berk,Figg,56,bfiggdc@ow.ly,Male,126161
Arty,Sizzey,65,asizzeyi4@hhs.gov,Male,126135
Georgianna,Cudiff,34,gcudiff69@issuu.com,Female,126130
Marty,Devers,45,mdevers96@moonfruit.com,Female,126107
Eugene,Exeter,26,eexeteret@elpais.com,Male,126102
Doe,Grimshaw,39,dgrimshawqv@latimes.com,Female,126097
Heida,Gajownik,33,hgajownik51@howstuffworks.com,Female,126062
Hal,Juliano,44,hjulianoe5@cnet.com,Male,126024
Cinderella,Bault,77,cbaultc@arizona.edu,Non-binary,126015
Leighton,Shutler,35,lshutlerov@paypal.com,Male,126001
Barbara,Roles,75,brolesj7@imdb.com,Female,125983
Jule,Gurdon,66,jgurdonra@nyu.edu,Male,125982
Adolphe,Barriball,28,abarriball3f@virginia.edu,Polygender,125928
Charis,Blick,45,cblickoh@artisteer.com,Female,125918
Tarrance,Wildman,82,twildmanas@webnode.com,Male,125906
Tanitansy,Simnor,56,tsimnorah@photobucket.com,Female,125895
Herold,Grahame,84,hgrahameni@deliciousdays.com,Male,125891
Goldie,Grahlman,46,ggrahlmane1@time.com,Female,125883
Garv,McAlroy,19,gmcalroye0@clickbank.net,Non-binary,125840
Lorin,Hickenbottom,56,lhickenbottom1k@com.com,Male,125838
Vidovic,Denkin,70,vdenkinag@ftc.gov,Male,125791
Robbyn,MacDonogh,55,rmacdonoghgu@dion.ne.jp,Female,125790
Eustacia,Vogt,59,evogtdy@lulu.com,Female,125785
Orelle,Callway,20,ocallway11@biglobe.ne.jp,Female,125767
Auria,Smalcombe,56,asmalcombe8e@eepurl.com,Female,125764
Walker,Feechum,38,wfeechum9r@163.com,Male,125761
Sheba,Sumers,42,ssumers8h@vkontakte.ru,Female,125752
Francyne,Granville,26,fgranville85@hubpages.com,Female,125708
Jessika,Schott,42,jschottir@tuttocitta.it,Genderfluid,125700
Barnebas,Tattersfield,62,btattersfieldpb@google.com,Male,125674
Tobi,Sorbey,51,tsorbeyn1@4shared.com,Female,125630
Dionisio,Eary,36,dearyom@gravatar.com,Male,125629
Stephanie,Pershouse,33,spershouse5@indiegogo.com,Female,125625
Emery,Ruf,59,eruf96@vk.com,Male,125570
Karilynn,Billanie,58,kbillanieri@merriam-webster.com,Female,125570
Kelsey,Pund,65,kpundob@chron.com,Male,125569
Laural,Trewin,32,ltrewinli@usa.gov,Female,125566
Riva,Mara,50,rmaram0@booking.com,Female,125559
Alwin,Leggitt,84,aleggittrm@soundcloud.com,Male,125549
Guenna,Ealam,77,gealam8z@google.com.br,Female,125520
Owen,Ramplee,70,oramplee1a@goodreads.com,Male,125514
Gualterio,Burburough,27,gburburough2f@indiatimes.com,Male,125489
Bonni,FitzAlan,69,bfitzalanc9@sourceforge.net,Female,125447
Johnny,Lints,56,jlints7y@nifty.com,Male,125389
Peggi,Bruff,45,pbruffj3@alexa.com,Female,125378
Claus,Scallan,76,cscallan3r@whitehouse.gov,Male,125308
Bebe,Bonehill,65,bbonehillpi@privacy.gov.au,Female,125290
Neel,McGruar,80,nmcgruarcy@answers.com,Male,125240
Beaufort,Marshfield,84,bmarshfieldkv@amazon.com,Male,125188
Baldwin,Carrodus,34,bcarroduss@guardian.co.uk,Male,125133
Merl,Rosellini,40,mroselliniby@europa.eu,Female,125129
Aline,Mowson,27,amowson4y@spiegel.de,Female,125058
Donielle,Pentland,42,dpentlandg@blog.com,Female,125037
Percy,Koschke,39,pkoschke7a@wordpress.com,Male,125010
Carri,Ridesdale,25,cridesdaleox@chicagotribune.com,Female,124999
Murdock,Shurey,58,mshureyeo@ucoz.ru,Male,124977
Cindi,Plummer,32,cplummer38@pcworld.com,Female,124943
Nickola,Faragan,44,nfaragan6d@edublogs.org,Male,124936
Walther,Assur,46,wassurk3@amazon.de,Male,124926
Nettie,Grimsdith,36,ngrimsdithlc@uol.com.br,Female,124785
Amalea,Perigeaux,22,aperigeauxcy@sina.com.cn,Female,124772
Abramo,Scantlebury,71,ascantleburyz@goo.gl,Male,124769
Kimberlyn,McCourt,61,kmccourtdo@huffingtonpost.com,Female,124733
Kleon,Puttrell,28,kputtrelln7@time.com,Male,124713
Heloise,Cripwell,76,hcripwell1q@joomla.org,Female,124712
Jaquenetta,Wolstenholme,77,jwolstenholmeat@spotify.com,Female,124712
Hillary,Stirzaker,52,hstirzakerlx@alibaba.com,Male,124663
Delores,Eden,19,dedenjn@lulu.com,Female,124647
Sayre,Spiers,23,sspiersim@ask.com,Male,124624
Carroll,Grindell,28,cgrindellku@businesswire.com,Male,124581
Caryl,Piscopiello,53,cpiscopiello60@springer.com,Female,124576
Griffy,Bartol,56,gbartola4@yahoo.co.jp,Male,124573
Margalo,Sisnett,29,msisnettgb@ebay.com,Female,124561
Janeta,Quenby,29,jquenbyrf@cbc.ca,Genderqueer,124524
Dudley,Joincey,82,djoinceygj@state.gov,Male,124493
Reena,Cordy,85,rcordykn@ebay.com,Female,124491
Guinevere,Pastor,63,gpastor7o@skype.com,Female,124467
Mechelle,Klousner,36,mklousnerrl@harvard.edu,Female,124435
Chandra,Crumbleholme,77,ccrumbleholme2u@oakley.com,Female,124424
Joyous,Dewdeny,55,jdewdenyqn@cpanel.net,Female,124423
Gearalt,Dahlgren,24,gdahlgrenho@geocities.com,Male,124420
Kristan,Lindwall,83,klindwallnm@quantcast.com,Polygender,124395
Dee dee,Pluck,79,dpluckl7@skyrock.com,Female,124391
Angelia,Geeves,37,ageeves6q@reuters.com,Female,124386
Kyle,Cornbill,27,kcornbillm7@uol.com.br,Female,124369
Rafe,Riccardi,61,rriccardi9p@ycombinator.com,Male,124366
Marchelle,Draisey,32,mdraisey2w@macromedia.com,Female,124352
Dorice,Tomson,31,dtomsonbn@sphinn.com,Female,124344
Lyndsie,Domokos,22,ldomokosgb@devhub.com,Female,124336
Emalia,Gunny,85,egunny8f@acquirethisname.com,Female,124292
Karlis,Hunnam,30,khunnamr0@infoseek.co.jp,Male,124243
Page,Dowtry,46,pdowtryhz@twitpic.com,Female,124228
Marje,MacPake,72,mmacpake1l@home.pl,Female,124224
Felicdad,Paike,25,fpaikebw@marketwatch.com,Female,124224
Loise,Phizakarley,63,lphizakarley29@census.gov,Female,124176
Arlyn,Tregido,31,atregido8n@japanpost.jp,Female,124170
Clint,Few,81,cfewlz@comsenz.com,Male,124153
